gamma,RMSE
0.0,0.19464510731519774
0.1,0.19491627555824198
0.2,0.1952112385418659
0.5,0.1962376851087033
1.0,0.18710659958951223
2.0,0.1767832626532438
