lambda,RMSE
0.5,0.1917592153455957
0.7,0.18003509436452594
0.8,0.17739374993135865
0.9,0.17690261319640843
0.95,0.1767966577452288
0.99,0.1767832626532438
